{
  "best_metric": 0.48510048510048515,
  "best_model_checkpoint": "./weights/20241029T05-24-03/checkpoint-1000",
  "epoch": 3.436426116838488,
  "global_step": 1000,
  "is_hyper_param_search": false,
  "is_local_process_zero": true,
  "is_world_process_zero": true,
  "log_history": [
    {
      "epoch": 1.72,
      "learning_rate": 4.140893470790379e-06,
      "loss": 0.4619,
      "step": 500
    },
    {
      "epoch": 1.72,
      "eval_accuracy": 0.1465863453815261,
      "eval_f1": 0.2512908777969019,
      "eval_loss": 0.3905141353607178,
      "eval_roc_auc": 0.571285140562249,
      "eval_runtime": 2.0349,
      "eval_samples_per_second": 489.453,
      "eval_steps_per_second": 30.959,
      "step": 500
    },
    {
      "epoch": 3.44,
      "learning_rate": 3.2817869415807563e-06,
      "loss": 0.3468,
      "step": 1000
    },
    {
      "epoch": 3.44,
      "eval_accuracy": 0.3514056224899598,
      "eval_f1": 0.48510048510048515,
      "eval_loss": 0.3230329751968384,
      "eval_roc_auc": 0.6659638554216867,
      "eval_runtime": 2.7577,
      "eval_samples_per_second": 361.168,
      "eval_steps_per_second": 22.845,
      "step": 1000
    }
  ],
  "max_steps": 2910,
  "num_train_epochs": 10,
  "total_flos": 208161209385216.0,
  "trial_name": null,
  "trial_params": null
}
